candidate,source,pac_name,pac_id,entity_type,state,city,amount,date,is_israel_lobby,israel_match_reason
Vivek,FEC schedule_a (2024 presidential),REPUBLICAN JEWISH COALITION-POLITICAL ACTION COMMITTEE (RJC-PAC),C00345132,PAC,DC,WASHINGTON,547.00,2023-08-24,YES,committee_id
Vivek,FEC schedule_a (2024 presidential),WINRED,C00694323,PAC,VA,ARLINGTON,433963.95,2023-08-23,no,
Vivek,FEC schedule_a (2024 presidential),WINRED,C00694323,PAC,VA,ARLINGTON,213577.09,2023-08-17,no,
Vivek,FEC schedule_a (2024 presidential),WINRED,C00694323,PAC,VA,ARLINGTON,199624.90,2023-08-24,no,
Vivek,FEC schedule_a (2024 presidential),WINRED,C00694323,PAC,VA,ARLINGTON,184082.83,2023-08-18,no,
Vivek,FEC schedule_a (2024 presidential),WINRED,C00694323,PAC,VA,ARLINGTON,159749.56,2023-08-19,no,
Vivek,FEC schedule_a (2024 presidential),WINRED,C00694323,PAC,VA,ARLINGTON,153244.80,2023-08-22,no,
Acton,OH SOS itemized,OHIO DEMOCRATIC PARTY STATE CANDIDATE FUND,,ORG/PAC,OH,COLUMBUS,125000.00,01/22/2026,no,
Vivek,FEC schedule_a (2024 presidential),LYONS HR,,ORG,AL,FLORENCE,125000.00,2024-03-11,no,
Vivek,FEC schedule_a (2024 presidential),WINRED,C00694323,PAC,VA,ARLINGTON,124067.67,2023-08-15,no,
Vivek,FEC schedule_a (2024 presidential),WINRED,C00694323,PAC,VA,ARLINGTON,120679.76,2023-08-21,no,
Vivek,FEC schedule_a (2024 presidential),WINRED,C00694323,PAC,VA,ARLINGTON,117232.21,2023-07-31,no,
Vivek,FEC schedule_a (2024 presidential),WINRED,C00694323,PAC,VA,ARLINGTON,108440.60,2023-06-30,no,
Vivek,FEC schedule_a (2024 presidential),WINRED,C00694323,PAC,VA,ARLINGTON,101503.23,2023-08-14,no,
Vivek,FEC schedule_a (2024 presidential),WINRED,C00694323,PAC,VA,ARLINGTON,98543.42,2023-08-20,no,
Vivek,FEC schedule_a (2024 presidential),WINRED,C00694323,PAC,VA,ARLINGTON,97151.54,2023-08-31,no,
Vivek,FEC schedule_a (2024 presidential),WINRED,C00694323,PAC,VA,ARLINGTON,94683.38,2023-08-16,no,
Vivek,FEC schedule_a (2024 presidential),WINRED,C00694323,PAC,VA,ARLINGTON,92759.49,2023-11-09,no,
Vivek,FEC schedule_a (2024 presidential),WINRED,C00694323,PAC,VA,ARLINGTON,91241.53,2023-07-15,no,
Vivek,FEC schedule_a (2024 presidential),WINRED,C00694323,PAC,VA,ARLINGTON,90223.98,2023-08-25,no,
Vivek,FEC schedule_a (2024 presidential),WINRED,C00694323,PAC,VA,ARLINGTON,88687.82,2023-09-29,no,
Vivek,FEC schedule_a (2024 presidential),WINRED,C00694323,PAC,VA,ARLINGTON,86065.19,2023-09-27,no,
Vivek,FEC schedule_a (2024 presidential),WINRED,C00694323,PAC,VA,ARLINGTON,80908.55,2023-09-30,no,
Vivek,FEC schedule_a (2024 presidential),WINRED,C00694323,PAC,VA,ARLINGTON,78904.03,2023-08-03,no,
Vivek,FEC schedule_a (2024 presidential),WINRED,C00694323,PAC,VA,ARLINGTON,77396.14,2023-08-02,no,
Vivek,FEC schedule_a (2024 presidential),WINRED,C00694323,PAC,VA,ARLINGTON,70943.93,2023-11-08,no,
Vivek,FEC schedule_a (2024 presidential),WINRED,C00694323,PAC,VA,ARLINGTON,70838.10,2023-08-09,no,
Vivek,FEC schedule_a (2024 presidential),WINRED,C00694323,PAC,VA,ARLINGTON,70143.10,2023-08-11,no,
Vivek,FEC schedule_a (2024 presidential),WINRED,C00694323,PAC,VA,ARLINGTON,69068.72,2023-09-19,no,
Vivek,FEC schedule_a (2024 presidential),WINRED,C00694323,PAC,VA,ARLINGTON,63708.40,2023-07-14,no,
Vivek,FEC schedule_a (2024 presidential),WINRED,C00694323,PAC,VA,ARLINGTON,63432.52,2023-07-25,no,
Vivek,FEC schedule_a (2024 presidential),WINRED,C00694323,PAC,VA,ARLINGTON,63223.90,2023-07-16,no,
Vivek,FEC schedule_a (2024 presidential),WINRED,C00694323,PAC,VA,ARLINGTON,60201.21,2023-08-10,no,
Vivek,FEC schedule_a (2024 presidential),WINRED,C00694323,PAC,VA,ARLINGTON,57051.88,2023-11-13,no,
Vivek,FEC schedule_a (2024 presidential),WINRED,C00694323,PAC,VA,ARLINGTON,56657.38,2023-11-10,no,
Vivek,FEC schedule_a (2024 presidential),WINRED,C00694323,PAC,VA,ARLINGTON,55075.25,2023-08-08,no,
Vivek,FEC schedule_a (2024 presidential),WINRED,C00694323,PAC,VA,ARLINGTON,54519.00,2023-03-01,no,
Vivek,FEC schedule_a (2024 presidential),WINRED,C00694323,PAC,VA,ARLINGTON,54477.86,2023-03-31,no,
Vivek,FEC schedule_a (2024 presidential),WINRED,C00694323,PAC,VA,ARLINGTON,54367.34,2023-03-29,no,
Vivek,FEC schedule_a (2024 presidential),WINRED,C00694323,PAC,VA,ARLINGTON,54137.40,2023-08-28,no,
Vivek,FEC schedule_a (2024 presidential),WINRED,C00694323,PAC,VA,ARLINGTON,52833.05,2023-08-13,no,
Vivek,FEC schedule_a (2024 presidential),WINRED,C00694323,PAC,VA,ARLINGTON,51941.88,2023-09-15,no,
Vivek,FEC schedule_a (2024 presidential),WINRED,C00694323,PAC,VA,ARLINGTON,51708.75,2023-08-27,no,
Vivek,FEC schedule_a (2024 presidential),WINRED,C00694323,PAC,VA,ARLINGTON,51540.61,2023-05-08,no,
Vivek,FEC schedule_a (2024 presidential),WINRED,C00694323,PAC,VA,ARLINGTON,50645.72,2023-08-26,no,
Vivek,FEC schedule_a (2024 presidential),WINRED,C00694323,PAC,VA,ARLINGTON,50031.13,2023-07-29,no,
Vivek,FEC schedule_a (2024 presidential),WINRED,C00694323,PAC,VA,ARLINGTON,49421.04,2023-07-17,no,
Vivek,FEC schedule_a (2024 presidential),WINRED,C00694323,PAC,VA,ARLINGTON,48705.14,2023-07-19,no,
Vivek,FEC schedule_a (2024 presidential),WINRED,C00694323,PAC,VA,ARLINGTON,48147.70,2023-09-18,no,
Vivek,FEC schedule_a (2024 presidential),WINRED,C00694323,PAC,VA,ARLINGTON,47314.01,2023-07-20,no,
Vivek,FEC schedule_a (2024 presidential),WINRED,C00694323,PAC,VA,ARLINGTON,46787.11,2023-08-12,no,
Vivek,FEC schedule_a (2024 presidential),WINRED,C00694323,PAC,VA,ARLINGTON,46748.29,2023-08-04,no,
Vivek,FEC schedule_a (2024 presidential),WINRED,C00694323,PAC,VA,ARLINGTON,46625.18,2023-09-28,no,
Vivek,FEC schedule_a (2024 presidential),WINRED,C00694323,PAC,VA,ARLINGTON,46242.38,2023-08-07,no,
Vivek,FEC schedule_a (2024 presidential),WINRED,C00694323,PAC,VA,ARLINGTON,46212.39,2023-07-28,no,
Vivek,FEC schedule_a (2024 presidential),WINRED,C00694323,PAC,VA,ARLINGTON,45778.41,2023-08-01,no,
Vivek,FEC schedule_a (2024 presidential),WINRED,C00694323,PAC,VA,ARLINGTON,44648.03,2023-09-25,no,
Vivek,FEC schedule_a (2024 presidential),WINRED,C00694323,PAC,VA,ARLINGTON,44614.96,2023-07-24,no,
Vivek,FEC schedule_a (2024 presidential),WINRED,C00694323,PAC,VA,ARLINGTON,44185.44,2023-06-29,no,
Vivek,FEC schedule_a (2024 presidential),WINRED,C00694323,PAC,VA,ARLINGTON,43987.83,2023-08-06,no,
Vivek,FEC schedule_a (2024 presidential),WINRED,C00694323,PAC,VA,ARLINGTON,43505.02,2023-08-29,no,
Vivek,FEC schedule_a (2024 presidential),WINRED,C00694323,PAC,VA,ARLINGTON,43484.31,2023-09-21,no,
Vivek,FEC schedule_a (2024 presidential),WINRED,C00694323,PAC,VA,ARLINGTON,43200.63,2023-06-28,no,
Vivek,FEC schedule_a (2024 presidential),WINRED,C00694323,PAC,VA,ARLINGTON,43002.08,2023-06-15,no,
Vivek,FEC schedule_a (2024 presidential),WINRED,C00694323,PAC,VA,ARLINGTON,42963.01,2023-02-22,no,
Vivek,FEC schedule_a (2024 presidential),V LEASING,,ORG,OH,WEST CHESTER,42247.10,2024-02-16,no,
Vivek,FEC schedule_a (2024 presidential),WINRED,C00694323,PAC,VA,ARLINGTON,42013.00,2023-02-21,no,
Vivek,FEC schedule_a (2024 presidential),WINRED,C00694323,PAC,VA,ARLINGTON,41921.05,2023-05-02,no,
Vivek,FEC schedule_a (2024 presidential),WINRED,C00694323,PAC,VA,ARLINGTON,41565.51,2023-06-16,no,
Vivek,FEC schedule_a (2024 presidential),WINRED,C00694323,PAC,VA,ARLINGTON,41035.28,2023-07-30,no,
Vivek,FEC schedule_a (2024 presidential),WINRED,C00694323,PAC,VA,ARLINGTON,41010.52,2023-03-30,no,
Vivek,FEC schedule_a (2024 presidential),WINRED,C00694323,PAC,VA,ARLINGTON,40707.18,2023-09-02,no,
Vivek,FEC schedule_a (2024 presidential),WINRED,C00694323,PAC,VA,ARLINGTON,39967.57,2023-08-05,no,
Vivek,FEC schedule_a (2024 presidential),WINRED,C00694323,PAC,VA,ARLINGTON,39927.12,2023-07-21,no,
Vivek,FEC schedule_a (2024 presidential),WINRED,C00694323,PAC,VA,ARLINGTON,39781.72,2024-01-14,no,
Vivek,FEC schedule_a (2024 presidential),WINRED,C00694323,PAC,VA,ARLINGTON,39738.54,2024-01-05,no,
Vivek,FEC schedule_a (2024 presidential),WINRED,C00694323,PAC,VA,ARLINGTON,39216.51,2023-04-15,no,
Vivek,FEC schedule_a (2024 presidential),WINRED,C00694323,PAC,VA,ARLINGTON,39173.47,2023-07-22,no,
Vivek,FEC schedule_a (2024 presidential),WINRED,C00694323,PAC,VA,ARLINGTON,38190.83,2024-01-15,no,
Vivek,FEC schedule_a (2024 presidential),WINRED,C00694323,PAC,VA,ARLINGTON,38106.47,2023-05-16,no,
Vivek,FEC schedule_a (2024 presidential),WINRED,C00694323,PAC,VA,ARLINGTON,37639.56,2023-09-20,no,
Vivek,FEC schedule_a (2024 presidential),WINRED,C00694323,PAC,VA,ARLINGTON,37030.35,2023-08-30,no,
Vivek,FEC schedule_a (2024 presidential),WINRED,C00694323,PAC,VA,ARLINGTON,36892.99,2023-07-06,no,
Vivek,FEC schedule_a (2024 presidential),WINRED,C00694323,PAC,VA,ARLINGTON,36808.09,2023-07-23,no,
Vivek,FEC schedule_a (2024 presidential),WINRED,C00694323,PAC,VA,ARLINGTON,36455.74,2024-01-04,no,
Vivek,FEC schedule_a (2024 presidential),WINRED,C00694323,PAC,VA,ARLINGTON,36368.17,2023-09-12,no,
Vivek,FEC schedule_a (2024 presidential),WINRED,C00694323,PAC,VA,ARLINGTON,36341.46,2023-12-06,no,
Vivek,FEC schedule_a (2024 presidential),WINRED,C00694323,PAC,VA,ARLINGTON,35752.56,2023-09-05,no,
Vivek,FEC schedule_a (2024 presidential),WINRED,C00694323,PAC,VA,ARLINGTON,35623.98,2023-02-28,no,
Vivek,FEC schedule_a (2024 presidential),WINRED,C00694323,PAC,VA,ARLINGTON,35054.49,2023-07-26,no,
Vivek,FEC schedule_a (2024 presidential),WINRED,C00694323,PAC,VA,ARLINGTON,34766.97,2023-09-24,no,
Vivek,FEC schedule_a (2024 presidential),WINRED,C00694323,PAC,VA,ARLINGTON,34671.30,2024-01-13,no,
Vivek,FEC schedule_a (2024 presidential),WINRED,C00694323,PAC,VA,ARLINGTON,34583.82,2023-10-06,no,
Vivek,FEC schedule_a (2024 presidential),WINRED,C00694323,PAC,VA,ARLINGTON,34386.46,2023-09-23,no,
Vivek,FEC schedule_a (2024 presidential),WINRED,C00694323,PAC,VA,ARLINGTON,34236.78,2023-06-21,no,
Vivek,FEC schedule_a (2024 presidential),WINRED,C00694323,PAC,VA,ARLINGTON,34075.40,2023-03-13,no,
Vivek,FEC schedule_a (2024 presidential),WINRED,C00694323,PAC,VA,ARLINGTON,33888.95,2023-09-17,no,
Vivek,FEC schedule_a (2024 presidential),WINRED,C00694323,PAC,VA,ARLINGTON,33868.99,2023-11-15,no,
Vivek,FEC schedule_a (2024 presidential),WINRED,C00694323,PAC,VA,ARLINGTON,33653.83,2023-07-12,no,
Vivek,FEC schedule_a (2024 presidential),WINRED,C00694323,PAC,VA,ARLINGTON,33512.11,2023-12-07,no,
Vivek,FEC schedule_a (2024 presidential),WINRED,C00694323,PAC,VA,ARLINGTON,33181.54,2023-09-22,no,
Vivek,FEC schedule_a (2024 presidential),WINRED,C00694323,PAC,VA,ARLINGTON,32680.22,2023-10-01,no,
Vivek,FEC schedule_a (2024 presidential),WINRED,C00694323,PAC,VA,ARLINGTON,32256.03,2023-07-18,no,
Vivek,FEC schedule_a (2024 presidential),WINRED,C00694323,PAC,VA,ARLINGTON,31985.22,2023-03-03,no,
Vivek,FEC schedule_a (2024 presidential),WINRED,C00694323,PAC,VA,ARLINGTON,31323.31,2023-04-30,no,
Vivek,FEC schedule_a (2024 presidential),WINRED,C00694323,PAC,VA,ARLINGTON,30380.08,2023-09-26,no,
Vivek,FEC schedule_a (2024 presidential),WINRED,C00694323,PAC,VA,ARLINGTON,30110.55,2023-09-01,no,
Vivek,FEC schedule_a (2024 presidential),WINRED,C00694323,PAC,VA,ARLINGTON,30105.26,2023-05-23,no,
Vivek,FEC schedule_a (2024 presidential),WINRED,C00694323,PAC,VA,ARLINGTON,30056.78,2023-07-27,no,
Vivek,FEC schedule_a (2024 presidential),WINRED,C00694323,PAC,VA,ARLINGTON,29829.22,2023-05-01,no,
Vivek,FEC schedule_a (2024 presidential),WINRED,C00694323,PAC,VA,ARLINGTON,29435.86,2023-09-09,no,
Vivek,FEC schedule_a (2024 presidential),WINRED,C00694323,PAC,VA,ARLINGTON,28811.72,2023-06-13,no,
Vivek,FEC schedule_a (2024 presidential),WINRED,C00694323,PAC,VA,ARLINGTON,28673.90,2023-10-11,no,
Vivek,FEC schedule_a (2024 presidential),WINRED,C00694323,PAC,VA,ARLINGTON,28309.10,2023-03-05,no,
Vivek,FEC schedule_a (2024 presidential),WINRED,C00694323,PAC,VA,ARLINGTON,28305.94,2023-07-13,no,
Vivek,FEC schedule_a (2024 presidential),WINRED,C00694323,PAC,VA,ARLINGTON,28280.51,2023-11-11,no,
Vivek,FEC schedule_a (2024 presidential),WINRED,C00694323,PAC,VA,ARLINGTON,28220.66,2023-03-21,no,
Vivek,FEC schedule_a (2024 presidential),WINRED,C00694323,PAC,VA,ARLINGTON,28143.84,2023-09-03,no,
Vivek,FEC schedule_a (2024 presidential),WINRED,C00694323,PAC,VA,ARLINGTON,27792.07,2024-01-08,no,
Vivek,FEC schedule_a (2024 presidential),WINRED,C00694323,PAC,VA,ARLINGTON,27774.54,2023-10-10,no,
Vivek,FEC schedule_a (2024 presidential),WINRED,C00694323,PAC,VA,ARLINGTON,27711.08,2023-07-05,no,
Vivek,FEC schedule_a (2024 presidential),WINRED,C00694323,PAC,VA,ARLINGTON,27536.20,2024-01-06,no,
Vivek,FEC schedule_a (2024 presidential),WINRED,C00694323,PAC,VA,ARLINGTON,26699.99,2023-06-14,no,
Vivek,FEC schedule_a (2024 presidential),WINRED,C00694323,PAC,VA,ARLINGTON,26516.68,2023-12-28,no,
Vivek,FEC schedule_a (2024 presidential),WINRED,C00694323,PAC,VA,ARLINGTON,26492.98,2023-10-31,no,
Vivek,FEC schedule_a (2024 presidential),WINRED,C00694323,PAC,VA,ARLINGTON,26463.34,2023-06-27,no,
Vivek,FEC schedule_a (2024 presidential),WINRED,C00694323,PAC,VA,ARLINGTON,26360.25,2023-10-12,no,
Vivek,FEC schedule_a (2024 presidential),WINRED,C00694323,PAC,VA,ARLINGTON,26305.12,2023-06-19,no,
Vivek,FEC schedule_a (2024 presidential),WINRED,C00694323,PAC,VA,ARLINGTON,26203.71,2023-07-07,no,
Vivek,FEC schedule_a (2024 presidential),WINRED,C00694323,PAC,VA,ARLINGTON,25745.37,2023-07-10,no,
Vivek,FEC schedule_a (2024 presidential),WINRED,C00694323,PAC,VA,ARLINGTON,25680.00,2023-04-03,no,
Vivek,FEC schedule_a (2024 presidential),WINRED,C00694323,PAC,VA,ARLINGTON,25679.02,2023-02-26,no,
Vivek,FEC schedule_a (2024 presidential),WINRED,C00694323,PAC,VA,ARLINGTON,25649.53,2024-01-12,no,
Vivek,FEC schedule_a (2024 presidential),WINRED,C00694323,PAC,VA,ARLINGTON,25554.71,2023-12-29,no,
Vivek,FEC schedule_a (2024 presidential),WINRED,C00694323,PAC,VA,ARLINGTON,25386.47,2023-09-13,no,
Vivek,FEC schedule_a (2024 presidential),WINRED,C00694323,PAC,VA,ARLINGTON,25371.70,2023-02-24,no,
Vivek,FEC schedule_a (2024 presidential),WINRED,C00694323,PAC,VA,ARLINGTON,25312.43,2023-05-17,no,
Vivek,FEC schedule_a (2024 presidential),WINRED,C00694323,PAC,VA,ARLINGTON,25135.35,2023-10-02,no,
Vivek,FEC schedule_a (2024 presidential),WINRED,C00694323,PAC,VA,ARLINGTON,24838.04,2023-12-05,no,
Vivek,FEC schedule_a (2024 presidential),WINRED,C00694323,PAC,VA,ARLINGTON,24741.19,2023-09-06,no,
Vivek,FEC schedule_a (2024 presidential),WINRED,C00694323,PAC,VA,ARLINGTON,24712.21,2023-05-31,no,
Vivek,FEC schedule_a (2024 presidential),WINRED,C00694323,PAC,VA,ARLINGTON,24120.29,2024-01-11,no,
Vivek,FEC schedule_a (2024 presidential),WINRED,C00694323,PAC,VA,ARLINGTON,23991.34,2023-07-11,no,
Vivek,FEC schedule_a (2024 presidential),WINRED,C00694323,PAC,VA,ARLINGTON,23971.66,2023-11-16,no,
Vivek,FEC schedule_a (2024 presidential),WINRED,C00694323,PAC,VA,ARLINGTON,23622.79,2023-10-09,no,
Vivek,FEC schedule_a (2024 presidential),WINRED,C00694323,PAC,VA,ARLINGTON,23544.88,2024-01-10,no,
Vivek,FEC schedule_a (2024 presidential),WINRED,C00694323,PAC,VA,ARLINGTON,23395.96,2023-04-24,no,
Vivek,FEC schedule_a (2024 presidential),WINRED,C00694323,PAC,VA,ARLINGTON,22967.76,2023-02-25,no,
Vivek,FEC schedule_a (2024 presidential),WINRED,C00694323,PAC,VA,ARLINGTON,22501.00,2023-03-20,no,
Vivek,FEC schedule_a (2024 presidential),WINRED,C00694323,PAC,VA,ARLINGTON,22214.08,2023-10-27,no,
Vivek,FEC schedule_a (2024 presidential),WINRED,C00694323,PAC,VA,ARLINGTON,21872.16,2023-05-05,no,
Vivek,FEC schedule_a (2024 presidential),WINRED,C00694323,PAC,VA,ARLINGTON,21740.71,2023-05-19,no,
Vivek,FEC schedule_a (2024 presidential),WINRED,C00694323,PAC,VA,ARLINGTON,21723.29,2023-09-07,no,
Vivek,FEC schedule_a (2024 presidential),WINRED,C00694323,PAC,VA,ARLINGTON,21434.92,2023-05-03,no,
Vivek,FEC schedule_a (2024 presidential),WINRED,C00694323,PAC,VA,ARLINGTON,21359.76,2023-12-15,no,
Vivek,FEC schedule_a (2024 presidential),WINRED,C00694323,PAC,VA,ARLINGTON,21346.54,2023-05-13,no,
Vivek,FEC schedule_a (2024 presidential),WINRED,C00694323,PAC,VA,ARLINGTON,21180.48,2023-05-30,no,
Vivek,FEC schedule_a (2024 presidential),WINRED,C00694323,PAC,VA,ARLINGTON,21152.56,2023-06-11,no,
Vivek,FEC schedule_a (2024 presidential),WINRED,C00694323,PAC,VA,ARLINGTON,20953.28,2023-10-22,no,
Vivek,FEC schedule_a (2024 presidential),WINRED,C00694323,PAC,VA,ARLINGTON,20406.50,2023-02-23,no,
Vivek,FEC schedule_a (2024 presidential),WINRED,C00694323,PAC,VA,ARLINGTON,20267.55,2023-06-07,no,
Vivek,FEC schedule_a (2024 presidential),WINRED,C00694323,PAC,VA,ARLINGTON,20244.95,2023-04-25,no,
Vivek,FEC schedule_a (2024 presidential),WINRED,C00694323,PAC,VA,ARLINGTON,20192.65,2023-04-26,no,
Vivek,FEC schedule_a (2024 presidential),WINRED,C00694323,PAC,VA,ARLINGTON,20094.75,2023-04-27,no,
Vivek,FEC schedule_a (2024 presidential),WINRED,C00694323,PAC,VA,ARLINGTON,20011.34,2023-10-23,no,
Vivek,FEC schedule_a (2024 presidential),WINRED,C00694323,PAC,VA,ARLINGTON,19950.55,2023-06-06,no,
Vivek,FEC schedule_a (2024 presidential),WINRED,C00694323,PAC,VA,ARLINGTON,19941.60,2023-05-22,no,
Vivek,FEC schedule_a (2024 presidential),WINRED,C00694323,PAC,VA,ARLINGTON,19810.28,2023-04-19,no,
Vivek,FEC schedule_a (2024 presidential),WINRED,C00694323,PAC,VA,ARLINGTON,19719.05,2023-05-07,no,
Vivek,FEC schedule_a (2024 presidential),WINRED,C00694323,PAC,VA,ARLINGTON,19588.28,2023-05-18,no,
Vivek,FEC schedule_a (2024 presidential),WINRED,C00694323,PAC,VA,ARLINGTON,19571.94,2023-09-08,no,
Vivek,FEC schedule_a (2024 presidential),WINRED,C00694323,PAC,VA,ARLINGTON,19402.53,2023-10-03,no,
Vivek,FEC schedule_a (2024 presidential),WINRED,C00694323,PAC,VA,ARLINGTON,19271.16,2023-05-10,no,
Vivek,FEC schedule_a (2024 presidential),WINRED,C00694323,PAC,VA,ARLINGTON,19215.34,2023-11-02,no,
Vivek,FEC schedule_a (2024 presidential),WINRED,C00694323,PAC,VA,ARLINGTON,19033.95,2023-06-23,no,
Vivek,FEC schedule_a (2024 presidential),WINRED,C00694323,PAC,VA,ARLINGTON,18864.59,2023-06-05,no,
Vivek,FEC schedule_a (2024 presidential),WINRED,C00694323,PAC,VA,ARLINGTON,18810.38,2024-01-03,no,
Vivek,FEC schedule_a (2024 presidential),WINRED,C00694323,PAC,VA,ARLINGTON,18611.32,2023-05-20,no,
Vivek,FEC schedule_a (2024 presidential),WINRED,C00694323,PAC,VA,ARLINGTON,18599.26,2023-11-30,no,
Vivek,FEC schedule_a (2024 presidential),WINRED,C00694323,PAC,VA,ARLINGTON,18503.11,2023-04-28,no,
Vivek,FEC schedule_a (2024 presidential),WINRED,C00694323,PAC,VA,ARLINGTON,18452.98,2023-11-07,no,
Vivek,FEC schedule_a (2024 presidential),WINRED,C00694323,PAC,VA,ARLINGTON,18379.87,2023-11-01,no,
Vivek,FEC schedule_a (2024 presidential),WINRED,C00694323,PAC,VA,ARLINGTON,18360.09,2023-06-04,no,
Vivek,FEC schedule_a (2024 presidential),WINRED,C00694323,PAC,VA,ARLINGTON,18253.97,2023-06-20,no,
Vivek,FEC schedule_a (2024 presidential),WINRED,C00694323,PAC,VA,ARLINGTON,18130.31,2023-10-04,no,
Vivek,FEC schedule_a (2024 presidential),WINRED,C00694323,PAC,VA,ARLINGTON,18025.54,2023-11-17,no,
Vivek,FEC schedule_a (2024 presidential),WINRED,C00694323,PAC,VA,ARLINGTON,17823.86,2024-01-09,no,
Vivek,FEC schedule_a (2024 presidential),WINRED,C00694323,PAC,VA,ARLINGTON,17811.81,2023-09-11,no,
Vivek,FEC schedule_a (2024 presidential),WINRED,C00694323,PAC,VA,ARLINGTON,17760.51,2023-10-15,no,
Vivek,FEC schedule_a (2024 presidential),WINRED,C00694323,PAC,VA,ARLINGTON,17675.42,2023-05-24,no,
Vivek,FEC schedule_a (2024 presidential),WINRED,C00694323,PAC,VA,ARLINGTON,17561.87,2023-09-14,no,
Vivek,FEC schedule_a (2024 presidential),WINRED,C00694323,PAC,VA,ARLINGTON,17424.23,2023-09-16,no,
Vivek,FEC schedule_a (2024 presidential),WINRED,C00694323,PAC,VA,ARLINGTON,17330.79,2023-05-04,no,
Vivek,FEC schedule_a (2024 presidential),WINRED,C00694323,PAC,VA,ARLINGTON,17299.62,2023-07-08,no,
Vivek,FEC schedule_a (2024 presidential),WINRED,C00694323,PAC,VA,ARLINGTON,17257.17,2023-06-26,no,
Vivek,FEC schedule_a (2024 presidential),WINRED,C00694323,PAC,VA,ARLINGTON,17109.15,2023-06-03,no,
Vivek,FEC schedule_a (2024 presidential),WINRED,C00694323,PAC,VA,ARLINGTON,17010.72,2023-10-07,no,
Vivek,FEC schedule_a (2024 presidential),WINRED,C00694323,PAC,VA,ARLINGTON,16616.20,2023-03-02,no,
Acton,OH SOS itemized,AFSCME - COUNCIL 8 PAC,,ORG/PAC,OH,WORTHINGTON,16615.67,12/10/2025,no,
Acton,OH SOS itemized,OAPSE MAKING A DIFFERENCE PCE,,ORG/PAC,OH,COLUMBUS,16615.00,12/04/2025,no,
Acton,OH SOS itemized,ROUNDING THIRD PAC,,ORG/PAC,OH,COLUMBUS,16615.00,09/30/2025,no,
Vivek,FEC schedule_a (2024 presidential),WINRED,C00694323,PAC,VA,ARLINGTON,16308.01,2023-05-11,no,
Vivek,FEC schedule_a (2024 presidential),WINRED,C00694323,PAC,VA,ARLINGTON,16279.43,2024-01-07,no,
Vivek,FEC schedule_a (2024 presidential),WINRED,C00694323,PAC,VA,ARLINGTON,16159.98,2023-06-24,no,
Vivek,FEC schedule_a (2024 presidential),WINRED,C00694323,PAC,VA,ARLINGTON,16153.95,2023-04-20,no,
Vivek,FEC schedule_a (2024 presidential),WINRED,C00694323,PAC,VA,ARLINGTON,16108.92,2023-10-20,no,
Vivek,FEC schedule_a (2024 presidential),WINRED,C00694323,PAC,VA,ARLINGTON,16068.00,2023-03-11,no,
Vivek,FEC schedule_a (2024 presidential),WINRED,C00694323,PAC,VA,ARLINGTON,16030.61,2023-03-17,no,
Vivek,FEC schedule_a (2024 presidential),WINRED,C00694323,PAC,VA,ARLINGTON,15941.34,2023-05-25,no,
Vivek,FEC schedule_a (2024 presidential),WINRED,C00694323,PAC,VA,ARLINGTON,15737.71,2023-12-20,no,
Vivek,FEC schedule_a (2024 presidential),WINRED,C00694323,PAC,VA,ARLINGTON,15649.11,2023-12-30,no,
Vivek,FEC schedule_a (2024 presidential),WINRED,C00694323,PAC,VA,ARLINGTON,15586.14,2023-05-09,no,
Vivek,FEC schedule_a (2024 presidential),WINRED,C00694323,PAC,VA,ARLINGTON,15566.24,2023-05-21,no,
Vivek,FEC schedule_a (2024 presidential),WINRED,C00694323,PAC,VA,ARLINGTON,15565.19,2023-12-22,no,
Vivek,FEC schedule_a (2024 presidential),WINRED,C00694323,PAC,VA,ARLINGTON,15564.83,2023-04-12,no,
Vivek,FEC schedule_a (2024 presidential),WINRED,C00694323,PAC,VA,ARLINGTON,15383.98,2023-10-05,no,
Vivek,FEC schedule_a (2024 presidential),WINRED,C00694323,PAC,VA,ARLINGTON,15309.45,2023-06-10,no,
Vivek,FEC schedule_a (2024 presidential),WINRED,C00694323,PAC,VA,ARLINGTON,15278.17,2023-05-12,no,
Vivek,FEC schedule_a (2024 presidential),WINRED,C00694323,PAC,VA,ARLINGTON,15223.21,2023-12-04,no,
Vivek,FEC schedule_a (2024 presidential),WINRED,C00694323,PAC,VA,ARLINGTON,15162.79,2023-12-31,no,
Acton,OH SOS itemized,OCSEA/AFSCME LOCAL 11 PAC,,ORG/PAC,OH,WESTERVILLE,15000.00,07/25/2025,no,
Acton,OH SOS itemized,OCSEA/AFSCME LOCAL 11 PAC,,ORG/PAC,OH,WESTERVILLE,15000.00,06/24/2025,no,
Vivek,FEC schedule_a (2024 presidential),WINRED,C00694323,PAC,VA,ARLINGTON,14909.84,2023-10-24,no,
Vivek,FEC schedule_a (2024 presidential),WINRED,C00694323,PAC,VA,ARLINGTON,14907.47,2023-05-06,no,
Vivek,FEC schedule_a (2024 presidential),WINRED,C00694323,PAC,VA,ARLINGTON,14782.36,2023-03-24,no,
Vivek,FEC schedule_a (2024 presidential),WINRED,C00694323,PAC,VA,ARLINGTON,14746.12,2023-12-13,no,
Vivek,FEC schedule_a (2024 presidential),WINRED,C00694323,PAC,VA,ARLINGTON,14657.39,2023-06-17,no,
Vivek,FEC schedule_a (2024 presidential),WINRED,C00694323,PAC,VA,ARLINGTON,14544.97,2023-04-14,no,
Vivek,FEC schedule_a (2024 presidential),WINRED,C00694323,PAC,VA,ARLINGTON,14529.76,2023-05-15,no,
Vivek,FEC schedule_a (2024 presidential),WINRED,C00694323,PAC,VA,ARLINGTON,14489.78,2023-06-12,no,
Vivek,FEC schedule_a (2024 presidential),WINRED,C00694323,PAC,VA,ARLINGTON,14485.99,2023-03-09,no,
Vivek,FEC schedule_a (2024 presidential),WINRED,C00694323,PAC,VA,ARLINGTON,14381.42,2023-10-13,no,
Vivek,FEC schedule_a (2024 presidential),WINRED,C00694323,PAC,VA,ARLINGTON,14354.17,2023-03-27,no,
Vivek,FEC schedule_a (2024 presidential),WINRED,C00694323,PAC,VA,ARLINGTON,14201.03,2023-12-08,no,
Vivek,FEC schedule_a (2024 presidential),WINRED,C00694323,PAC,VA,ARLINGTON,14176.96,2023-06-22,no,
Vivek,FEC schedule_a (2024 presidential),WINRED,C00694323,PAC,VA,ARLINGTON,14165.42,2023-09-04,no,
Vivek,FEC schedule_a (2024 presidential),WINRED,C00694323,PAC,VA,ARLINGTON,14141.64,2023-09-10,no,
Vivek,FEC schedule_a (2024 presidential),WINRED,C00694323,PAC,VA,ARLINGTON,13985.61,2023-10-30,no,
Vivek,FEC schedule_a (2024 presidential),WINRED,C00694323,PAC,VA,ARLINGTON,13970.23,2023-03-14,no,
Vivek,FEC schedule_a (2024 presidential),WINRED,C00694323,PAC,VA,ARLINGTON,13908.23,2023-12-19,no,
Vivek,FEC schedule_a (2024 presidential),WINRED,C00694323,PAC,VA,ARLINGTON,13880.70,2023-03-15,no,
Vivek,FEC schedule_a (2024 presidential),WINRED,C00694323,PAC,VA,ARLINGTON,13874.86,2023-06-09,no,
Vivek,FEC schedule_a (2024 presidential),WINRED,C00694323,PAC,VA,ARLINGTON,13857.73,2023-07-09,no,
Vivek,FEC schedule_a (2024 presidential),WINRED,C00694323,PAC,VA,ARLINGTON,13595.10,2023-11-29,no,
Vivek,FEC schedule_a (2024 presidential),WINRED,C00694323,PAC,VA,ARLINGTON,13577.44,2023-11-14,no,
Vivek,FEC schedule_a (2024 presidential),WINRED,C00694323,PAC,VA,ARLINGTON,13502.00,2023-03-25,no,
Vivek,FEC schedule_a (2024 presidential),WINRED,C00694323,PAC,VA,ARLINGTON,13263.40,2023-05-27,no,
Vivek,FEC schedule_a (2024 presidential),WINRED,C00694323,PAC,VA,ARLINGTON,13207.17,2023-12-23,no,
Vivek,FEC schedule_a (2024 presidential),WINRED,C00694323,PAC,VA,ARLINGTON,13167.73,2023-04-29,no,
Vivek,FEC schedule_a (2024 presidential),WINRED,C00694323,PAC,VA,ARLINGTON,12992.96,2023-12-21,no,
Vivek,FEC schedule_a (2024 presidential),WINRED,C00694323,PAC,VA,ARLINGTON,12986.09,2023-11-12,no,
Vivek,FEC schedule_a (2024 presidential),WINRED,C00694323,PAC,VA,ARLINGTON,12984.94,2023-05-28,no,
Vivek,FEC schedule_a (2024 presidential),WINRED,C00694323,PAC,VA,ARLINGTON,12931.87,2023-06-02,no,
Vivek,FEC schedule_a (2024 presidential),WINRED,C00694323,PAC,VA,ARLINGTON,12851.58,2023-02-27,no,
Vivek,FEC schedule_a (2024 presidential),WINRED,C00694323,PAC,VA,ARLINGTON,12734.48,2023-03-06,no,
Vivek,FEC schedule_a (2024 presidential),WINRED,C00694323,PAC,VA,ARLINGTON,12509.10,2023-12-09,no,
Vivek,FEC schedule_a (2024 presidential),WINRED,C00694323,PAC,VA,ARLINGTON,12493.12,2023-06-25,no,
Vivek,FEC schedule_a (2024 presidential),WINRED,C00694323,PAC,VA,ARLINGTON,12416.35,2023-03-08,no,
Vivek,FEC schedule_a (2024 presidential),WINRED,C00694323,PAC,VA,ARLINGTON,12333.49,2023-07-01,no,
Vivek,FEC schedule_a (2024 presidential),WINRED,C00694323,PAC,VA,ARLINGTON,12203.85,2023-03-18,no,
Vivek,FEC schedule_a (2024 presidential),WINRED,C00694323,PAC,VA,ARLINGTON,12141.50,2023-04-01,no,
Vivek,FEC schedule_a (2024 presidential),WINRED,C00694323,PAC,VA,ARLINGTON,12032.40,2023-03-28,no,
Vivek,FEC schedule_a (2024 presidential),WINRED,C00694323,PAC,VA,ARLINGTON,12015.55,2023-03-10,no,
Vivek,FEC schedule_a (2024 presidential),WINRED,C00694323,PAC,VA,ARLINGTON,11995.83,2023-05-26,no,
Vivek,FEC schedule_a (2024 presidential),WINRED,C00694323,PAC,VA,ARLINGTON,11734.16,2023-04-18,no,
Vivek,FEC schedule_a (2024 presidential),WINRED,C00694323,PAC,VA,ARLINGTON,11715.70,2023-10-28,no,
Vivek,FEC schedule_a (2024 presidential),WINRED,C00694323,PAC,VA,ARLINGTON,11549.12,2023-04-11,no,
Vivek,FEC schedule_a (2024 presidential),WINRED,C00694323,PAC,VA,ARLINGTON,11515.03,2023-10-26,no,
Vivek,FEC schedule_a (2024 presidential),WINRED,C00694323,PAC,VA,ARLINGTON,11375.06,2023-03-12,no,
Vivek,FEC schedule_a (2024 presidential),WINRED,C00694323,PAC,VA,ARLINGTON,11356.75,2023-04-13,no,
Vivek,FEC schedule_a (2024 presidential),WINRED,C00694323,PAC,VA,ARLINGTON,11234.81,2023-12-24,no,
Vivek,FEC schedule_a (2024 presidential),WINRED,C00694323,PAC,VA,ARLINGTON,11108.80,2023-11-18,no,
Vivek,FEC schedule_a (2024 presidential),WINRED,C00694323,PAC,VA,ARLINGTON,11063.48,2023-10-19,no,
Vivek,FEC schedule_a (2024 presidential),WINRED,C00694323,PAC,VA,ARLINGTON,11025.73,2023-03-07,no,
Vivek,FEC schedule_a (2024 presidential),WINRED,C00694323,PAC,VA,ARLINGTON,11023.39,2023-11-27,no,
Vivek,FEC schedule_a (2024 presidential),WINRED,C00694323,PAC,VA,ARLINGTON,10846.98,2023-06-08,no,
Vivek,FEC schedule_a (2024 presidential),CAMPAIGN SOLUTIONS,,ORG,VA,ALEXANDRIA,10717.78,2024-03-11,no,
Vivek,FEC schedule_a (2024 presidential),WINRED,C00694323,PAC,VA,ARLINGTON,10658.68,2023-07-02,no,
Vivek,FEC schedule_a (2024 presidential),WINRED,C00694323,PAC,VA,ARLINGTON,10348.76,2023-03-23,no,
Vivek,FEC schedule_a (2024 presidential),WINRED,C00694323,PAC,VA,ARLINGTON,10250.22,2023-06-01,no,
Vivek,FEC schedule_a (2024 presidential),WINRED,C00694323,PAC,VA,ARLINGTON,10108.69,2024-01-02,no,
Vivek,FEC schedule_a (2024 presidential),WINRED,C00694323,PAC,VA,ARLINGTON,10104.17,2023-06-18,no,
Vivek,FEC schedule_a (2024 presidential),WINRED,C00694323,PAC,VA,ARLINGTON,10089.50,2023-04-06,no,
Vivek,FEC schedule_a (2024 presidential),WINRED,C00694323,PAC,VA,ARLINGTON,10049.34,2023-11-04,no,
Acton,OH SOS itemized,OHIO STATE UAW COMMUNITY ACTION PAC,,ORG/PAC,MI,DETROIT,10000.00,12/31/2025,no,
Vivek,FEC schedule_a (2024 presidential),WINRED,C00694323,PAC,VA,ARLINGTON,9946.21,2023-12-11,no,
Vivek,FEC schedule_a (2024 presidential),WINRED,C00694323,PAC,VA,ARLINGTON,9911.54,2023-12-12,no,
Vivek,FEC schedule_a (2024 presidential),WINRED,C00694323,PAC,VA,ARLINGTON,9907.23,2023-12-14,no,
Vivek,FEC schedule_a (2024 presidential),WINRED,C00694323,PAC,VA,ARLINGTON,9832.69,2023-10-14,no,
Vivek,FEC schedule_a (2024 presidential),WINRED,C00694323,PAC,VA,ARLINGTON,9811.52,2023-10-16,no,
Vivek,FEC schedule_a (2024 presidential),WINRED,C00694323,PAC,VA,ARLINGTON,9777.32,2023-12-27,no,
Vivek,FEC schedule_a (2024 presidential),WINRED,C00694323,PAC,VA,ARLINGTON,9437.98,2023-07-03,no,
Vivek,FEC schedule_a (2024 presidential),WINRED,C00694323,PAC,VA,ARLINGTON,9360.71,2023-12-01,no,
Vivek,FEC schedule_a (2024 presidential),WINRED,C00694323,PAC,VA,ARLINGTON,9040.80,2023-04-21,no,
Vivek,FEC schedule_a (2024 presidential),WINRED,C00694323,PAC,VA,ARLINGTON,8988.06,2023-12-17,no,
Vivek,FEC schedule_a (2024 presidential),WINRED,C00694323,PAC,VA,ARLINGTON,8951.28,2023-11-20,no,
Vivek,FEC schedule_a (2024 presidential),WINRED,C00694323,PAC,VA,ARLINGTON,8923.60,2023-11-28,no,
Vivek,FEC schedule_a (2024 presidential),WINRED,C00694323,PAC,VA,ARLINGTON,8893.58,2024-01-01,no,
Vivek,FEC schedule_a (2024 presidential),WINRED,C00694323,PAC,VA,ARLINGTON,8826.34,2023-04-16,no,
Vivek,FEC schedule_a (2024 presidential),WINRED,C00694323,PAC,VA,ARLINGTON,8805.03,2024-01-16,no,
Vivek,FEC schedule_a (2024 presidential),WINRED,C00694323,PAC,VA,ARLINGTON,8786.55,2023-10-25,no,
Vivek,FEC schedule_a (2024 presidential),WINRED,C00694323,PAC,VA,ARLINGTON,8596.04,2023-03-16,no,
Vivek,FEC schedule_a (2024 presidential),WINRED,C00694323,PAC,VA,ARLINGTON,8474.74,2023-04-17,no,
Vivek,FEC schedule_a (2024 presidential),WINRED,C00694323,PAC,VA,ARLINGTON,8459.90,2023-12-26,no,
Vivek,FEC schedule_a (2024 presidential),WINRED,C00694323,PAC,VA,ARLINGTON,8449.75,2023-10-29,no,
Vivek,FEC schedule_a (2024 presidential),WINRED,C00694323,PAC,VA,ARLINGTON,8440.26,2023-11-06,no,
Vivek,FEC schedule_a (2024 presidential),WINRED,C00694323,PAC,VA,ARLINGTON,8436.43,2023-04-22,no,
Vivek,FEC schedule_a (2024 presidential),WINRED,C00694323,PAC,VA,ARLINGTON,8362.26,2023-03-26,no,
Vivek,FEC schedule_a (2024 presidential),WINRED,C00694323,PAC,VA,ARLINGTON,8349.43,2023-11-03,no,
Vivek,FEC schedule_a (2024 presidential),WINRED,C00694323,PAC,VA,ARLINGTON,8321.13,2023-04-23,no,
Vivek,FEC schedule_a (2024 presidential),WINRED,C00694323,PAC,VA,ARLINGTON,8208.54,2023-11-24,no,
Vivek,FEC schedule_a (2024 presidential),WINRED,C00694323,PAC,VA,ARLINGTON,8153.18,2023-10-18,no,
Acton,OH SOS itemized,OHIO FEDERATION OF TEACHERS PCE,,ORG/PAC,OH,COLUMBUS,8000.00,01/27/2026,no,
Vivek,FEC schedule_a (2024 presidential),WINRED,C00694323,PAC,VA,ARLINGTON,7976.35,2023-10-17,no,
Vivek,FEC schedule_a (2024 presidential),WINRED,C00694323,PAC,VA,ARLINGTON,7957.00,2023-04-04,no,
Vivek,FEC schedule_a (2024 presidential),WINRED,C00694323,PAC,VA,ARLINGTON,7897.31,2023-11-19,no,
Vivek,FEC schedule_a (2024 presidential),WINRED,C00694323,PAC,VA,ARLINGTON,7835.40,2023-11-26,no,
Vivek,FEC schedule_a (2024 presidential),WINRED,C00694323,PAC,VA,ARLINGTON,7656.14,2023-11-21,no,
Vivek,FEC schedule_a (2024 presidential),WINRED,C00694323,PAC,VA,ARLINGTON,7644.64,2023-11-22,no,
Vivek,FEC schedule_a (2024 presidential),WINRED,C00694323,PAC,VA,ARLINGTON,7626.06,2023-05-14,no,
Vivek,FEC schedule_a (2024 presidential),WINRED,C00694323,PAC,VA,ARLINGTON,7589.54,2023-11-25,no,
Vivek,FEC schedule_a (2024 presidential),WINRED,C00694323,PAC,VA,ARLINGTON,7469.36,2023-12-10,no,
Vivek,FEC schedule_a (2024 presidential),WINRED,C00694323,PAC,VA,ARLINGTON,7445.64,2023-04-10,no,
Vivek,FEC schedule_a (2024 presidential),WINRED,C00694323,PAC,VA,ARLINGTON,7284.58,2023-04-07,no,
Vivek,FEC schedule_a (2024 presidential),WINRED,C00694323,PAC,VA,ARLINGTON,7279.15,2023-04-08,no,
Vivek,FEC schedule_a (2024 presidential),WINRED,C00694323,PAC,VA,ARLINGTON,7274.04,2023-05-29,no,
Vivek,FEC schedule_a (2024 presidential),WINRED,C00694323,PAC,VA,ARLINGTON,7091.66,2023-12-18,no,
Vivek,FEC schedule_a (2024 presidential),WINRED,C00694323,PAC,VA,ARLINGTON,7027.89,2023-12-16,no,
Vivek,FEC schedule_a (2024 presidential),WINRED,C00694323,PAC,VA,ARLINGTON,7003.42,2023-07-04,no,
Vivek,FEC schedule_a (2024 presidential),WINRED,C00694323,PAC,VA,ARLINGTON,6912.17,2023-12-02,no,
Vivek,FEC schedule_a (2024 presidential),VRBO,,ORG,TX,AUSTIN,6842.15,2024-01-09,no,
Vivek,FEC schedule_a (2024 presidential),AMERICAN EXPRESS,,ORG,NY,NEW YORK,6842.15,2024-01-09,no,
Vivek,FEC schedule_a (2024 presidential),WINRED,C00694323,PAC,VA,ARLINGTON,6651.44,2023-10-21,no,
Vivek,FEC schedule_a (2024 presidential),WINRED,C00694323,PAC,VA,ARLINGTON,6620.85,2023-04-05,no,
Vivek,FEC schedule_a (2024 presidential),WINRED,C00694323,PAC,VA,ARLINGTON,6576.00,2023-03-19,no,
Vivek,FEC schedule_a (2024 presidential),MANCHESTER MILLYARD REALTY LLC,,ORG,NH,MANCHESTER,6560.59,2024-05-01,no,
Vivek,FEC schedule_a (2024 presidential),WINRED,C00694323,PAC,VA,ARLINGTON,6458.50,2023-04-02,no,
Vivek,FEC schedule_a (2024 presidential),WINRED,C00694323,PAC,VA,ARLINGTON,5681.99,2023-10-08,no,
Vivek,FEC schedule_a (2024 presidential),WINRED,C00694323,PAC,VA,ARLINGTON,5658.79,2023-12-03,no,
Vivek,FEC schedule_a (2024 presidential),WINRED,C00694323,PAC,VA,ARLINGTON,5642.50,2023-04-09,no,
Vivek,FEC schedule_a (2024 presidential),WINRED,C00694323,PAC,VA,ARLINGTON,5554.50,2023-03-04,no,
Vivek,FEC schedule_a (2024 presidential),WINRED,C00694323,PAC,VA,ARLINGTON,5456.25,2023-02-28,no,
Vivek,FEC schedule_a (2024 presidential),WINRED,C00694323,PAC,VA,ARLINGTON,5321.58,2023-03-22,no,
Vivek,FEC schedule_a (2024 presidential),WINRED,C00694323,PAC,VA,ARLINGTON,5314.93,2023-12-25,no,
Vivek,FEC schedule_a (2024 presidential),WINRED,C00694323,PAC,VA,ARLINGTON,5030.78,2023-11-23,no,
Acton,OH SOS itemized,PUBLIC EMPLOYEE REPRESENTATIVES UNION PAC,,ORG/PAC,OH,WESTERVILLE,5000.00,01/22/2026,no,
Acton,OH SOS itemized,314 ACTION VICTORY FUND,,ORG/PAC,DC,WASHINGTON,5000.00,06/24/2025,no,
Acton,OH SOS itemized,UNITED STEEL WORKERS DISTRICT 1,,ORG/PAC,OH,COLUMBUS,5000.00,05/13/2025,no,
Vivek,FEC schedule_a (2024 presidential),WINRED,C00694323,PAC,VA,ARLINGTON,4155.73,2023-11-05,no,
Vivek,FEC schedule_a (2024 presidential),CHAIN BRIDGE BANK,,ORG,VA,MCLEAN,3463.84,2023-08-31,no,
Vivek,FEC schedule_a (2024 presidential),MASON MEDSTAT MEDIA LLC,,ORG,MO,SAINT LOUIS,3300.00,2023-09-25,no,
Vivek,FEC schedule_a (2024 presidential),BE BETTER AMERICA PAC,C00817528,PAC,PA,HUNTINGDON VALLEY,3300.00,2023-03-30,no,
Vivek,FEC schedule_a (2024 presidential),CHAIN BRIDGE BANK,,ORG,VA,MCLEAN,2812.43,2023-07-31,no,
Acton,OH SOS itemized,JIM OBERGEFELL FOR OHIO,,ORG/PAC,OH,SANDUSKY,2500.00,01/08/2026,no,
Acton,OH SOS itemized,COMMITTEE TO ELECT JOHN PATTERSON,,ORG/PAC,OH,JEFFERSON,2500.00,10/21/2025,no,
Acton,OH SOS itemized,FRIENDS OF ANITA SOMANI,,ORG/PAC,OH,COLUMBUS,2500.00,01/21/2025,no,
Acton,OH SOS itemized,IUPAT POLITICAL ACTION COMMITTEE,,ORG/PAC,MD,HANOVER,2500.00,03/29/2025,no,
Vivek,FEC schedule_a (2024 presidential),CHAIN BRIDGE BANK,,ORG,VA,MCLEAN,2476.85,2023-09-30,no,
Vivek,FEC schedule_a (2024 presidential),BUTZEL LONG P.C. FEDERAL PAC,C00375915,PAC,MI,DETROIT,2000.00,2023-11-15,no,
Vivek,FEC schedule_a (2024 presidential),FRIENDS FOR KATHY BARNETTE,C00734731,CCM,PA,HUNTINGDON VALLEY,2000.00,2023-03-30,no,
Vivek,FEC schedule_a (2024 presidential),ESTHER FOR CONGRESS,C00716498,CCM,GA,ATHENS,2000.00,2023-03-17,no,
Vivek,FEC schedule_a (2024 presidential),BRIDGE DISTRICT LEVEL LLC,,ORG,IA,DES MOINES,1880.21,2024-05-16,no,
Vivek,FEC schedule_a (2024 presidential),CIENTO OCHO PROPERTIES,,ORG,NH,MARLBOROUGH,1700.00,2024-03-13,no,
Vivek,FEC schedule_a (2024 presidential),OAKWOOD MANAGEMENT,,ORG,OH,REYNOLDSBURG,1683.55,2024-06-24,no,
Vivek,FEC schedule_a (2024 presidential),OAKWOOD MANAGEMENT,,ORG,OH,REYNOLDSBURG,1636.39,2024-07-15,no,
Acton,OH SOS itemized,"GALLON, TAKACS, & BOISSONEAULT CO., L.PA. ATTORNEYS AND COUNSELORS AT LAW",,ORG/PAC,OH,MAUMEE,1500.00,10/29/2025,no,
Vivek,FEC schedule_a (2024 presidential),EXETER PARKS AND RECREATION,,ORG,NH,EXETER,1500.00,2024-03-13,no,
Vivek,FEC schedule_a (2024 presidential),KEGLER BROWN HILL & RITTER CO. L.P.A. FED. PAC,C00578914,PAC,OH,COLUMBUS,1500.00,2023-09-25,no,
Vivek,FEC schedule_a (2024 presidential),CHAIN BRIDGE BANK,,ORG,VA,MCLEAN,1447.38,2023-10-31,no,
Vivek,FEC schedule_a (2024 presidential),CHAIN BRIDGE BANK,,ORG,VA,MCLEAN,1289.40,2023-11-30,no,
Acton,OH SOS itemized,OCSEA/AFSCME LOCAL 11,,ORG/PAC,OH,WESTERVILLE,1200.00,12/31/2025,no,
Acton,OH SOS itemized,COMMITTEE TO ELECT SUNNY M SIMON,,ORG/PAC,OH,SOUTH EUCLID,1000.00,01/19/2026,no,
Acton,OH SOS itemized,COMMITTEE TO ELECT JON BARBER,,ORG/PAC,OH,KENT,1000.00,01/21/2026,no,
Acton,OH SOS itemized,AT&T,,ORG/PAC,TX,DALLAS,1000.00,01/21/2026,no,
Acton,OH SOS itemized,HANCOCK CO DEMOCRATIC COMM,,ORG/PAC,OH,FINDLAY,1000.00,01/22/2026,no,
Acton,OH SOS itemized,FRIENDS OF JACK BRADLEY,,ORG/PAC,OH,LORAIN,1000.00,05/23/2025,no,
Acton,OH SOS itemized,LIMA BUILDING TRADES PCE,,ORG/PAC,OH,LIMA,1000.00,04/30/2025,no,
Acton,OH SOS itemized,"SAFER, CLEANER, GREENER PAC",,ORG/PAC,OH,CINCINNATI,1000.00,04/08/2025,no,
Acton,OH SOS itemized,ELECT PETE GERKEN COMMITTEE,,ORG/PAC,OH,TOLEDO,1000.00,03/20/2025,no,
Vivek,FEC schedule_a (2024 presidential),G PROPERTIES LLC,,ORG,VA,HERNDON,1000.00,2023-10-18,no,
Vivek,FEC schedule_a (2024 presidential),INDIAN AMERICAN PHYSICIAN FEDERAL PAC,C00782482,PAC,MO,JEFFERSON CITY,1000.00,2023-09-07,no,
Vivek,FEC schedule_a (2024 presidential),ESSHAKI FORCONGRESS,C00792754,CCM,VA,ALEXANDRIA,1000.00,2023-08-17,no,
Vivek,FEC schedule_a (2024 presidential),SLH BUSINESS SOLUTION LLC,,ORG,TX,SPRING BRANCH,1000.00,2023-08-01,no,
Vivek,FEC schedule_a (2024 presidential),UNITED AIRLINES,,ORG,IL,CHICAGO,992.74,2023-08-14,no,
Vivek,FEC schedule_a (2024 presidential),AMERICAN EXPRESS,,ORG,NY,NEW YORK,992.74,2023-08-14,no,
Vivek,FEC schedule_a (2024 presidential),CHAIN BRIDGE BANK,,ORG,VA,MCLEAN,981.08,2023-12-29,no,
Vivek,FEC schedule_a (2024 presidential),OAKWOOD MANAGEMENT,,ORG,OH,REYNOLDSBURG,972.43,2024-06-24,no,
Vivek,FEC schedule_a (2024 presidential),EMANUEL COMPANIES INC.,,ORG,NH,STRATHAM,934.45,2024-02-23,no,
Vivek,FEC schedule_a (2024 presidential),AMERICAN EXPRESS,,ORG,NY,NEW YORK,899.82,2023-08-07,no,
Vivek,FEC schedule_a (2024 presidential),AMERICAN EXPRESS,,ORG,NY,NEW YORK,863.63,2023-09-06,no,
Vivek,FEC schedule_a (2024 presidential),CHAIN BRIDGE BANK,,ORG,VA,MCLEAN,830.21,2024-01-31,no,
Acton,OH SOS itemized,SYLVANIA CITY AND TOWNSHIP DEMOCRATIC CLUB,,ORG/PAC,OH,SYLVANIA,750.00,12/17/2025,no,
Acton,OH SOS itemized,STALL LEGAL LLC,,ORG/PAC,OH,CINCINNATI,750.00,08/12/2025,no,
Acton,OH SOS itemized,FRIENDS OF TERRI SOTO,,ORG/PAC,OH,LORAIN,750.00,11/01/2025,no,
Acton,OH SOS itemized,"JACKI JAKACKI, INC.",,ORG/PAC,OH,LORAIN,750.00,11/01/2025,no,
Vivek,FEC schedule_a (2024 presidential),UMBRAVISION,,ORG,CA,LA JOLLA,730.89,2023-09-06,no,
Acton,OH SOS itemized,ACTBLUE,,ORG/PAC,MA,WEST SOMERVILLE,644.76,12/31/2025,no,
Vivek,FEC schedule_a (2024 presidential),THE HOME DEPOT,,ORG,GA,ATLANTA,570.50,2023-08-07,no,
Vivek,FEC schedule_a (2024 presidential),AMERICAN EXPRESS,,ORG,NY,NEW YORK,544.26,2024-03-13,no,
Vivek,FEC schedule_a (2024 presidential),CHAIN BRIDGE BANK,,ORG,VA,MCLEAN,541.04,2024-02-29,no,
Vivek,FEC schedule_a (2024 presidential),THE HOME DEPOT,,ORG,GA,ATLANTA,510.39,2024-03-13,no,
Acton,OH SOS itemized,FRIENDS OF HEARCEL CRAIG,,ORG/PAC,OH,COLUMBUS,500.00,12/31/2025,no,
Acton,OH SOS itemized,SHAHEEN LAW GROUP LLC,,ORG/PAC,OH,SAINT CLAIRSVILLE,500.00,09/30/2025,no,
Acton,OH SOS itemized,KENT SMITH COMMITTEE,,ORG/PAC,OH,EUCLID,500.00,01/20/2026,no,
Acton,OH SOS itemized,LAWN MANAGEMENT SPRINKLER CO,,ORG/PAC,OH,CINCINNATI,500.00,10/29/2025,no,
Acton,OH SOS itemized,VICTORIA PARKS FOR CINCINNATI,,ORG/PAC,OH,COLUMBUS,500.00,10/29/2025,no,
Acton,OH SOS itemized,FRIENDS OF NICKIE J. ANTONIO,,ORG/PAC,OH,LAKEWOOD,500.00,10/14/2025,no,
Acton,OH SOS itemized,SLATER & ZURZ LLP,,ORG/PAC,OH,AKRON,500.00,08/14/2025,no,
Acton,OH SOS itemized,NINE GIANT BREWING LLC,,ORG/PAC,OH,CINCINNATI,500.00,07/16/2025,no,
Acton,OH SOS itemized,FRIENDS OF CASEY WEINSTEIN,,ORG/PAC,OH,COLUMBUS,500.00,01/30/2025,no,
Acton,OH SOS itemized,FRIENDS OF DRIEHAUS,,ORG/PAC,OH,CINCINNATI,500.00,03/17/2025,no,
Vivek,FEC schedule_a (2024 presidential),FRIENDS OF DON RANKEY,,CCM,OH,POWELL,500.00,2023-07-31,no,
Vivek,FEC schedule_a (2024 presidential),BEST BUY,,ORG,MN,RICHFIELD,320.35,2023-08-10,no,
Vivek,FEC schedule_a (2024 presidential),AMERICAN EXPRESS,,ORG,NY,NEW YORK,320.35,2023-08-10,no,
Vivek,FEC schedule_a (2024 presidential),CAMPAIGN SOLUTIONS,,ORG,VA,ALEXANDRIA,311.32,2024-02-23,no,
Vivek,FEC schedule_a (2024 presidential),THE HOME DEPOT,,ORG,GA,ATLANTA,307.81,2023-08-07,no,
Acton,OH SOS itemized,FEDERATED DEMOCRATIC WOMEN OF SUMMIT COUNTY,,ORG/PAC,OH,AKRON,300.00,11/30/2025,no,
Vivek,FEC schedule_a (2024 presidential),FRIENDS OF TRAVIS WEAVER,,CCM,IL,EDWARDS,300.00,2023-08-07,no,
Vivek,FEC schedule_a (2024 presidential),CAMPAIGN SOLUTIONS,,ORG,VA,ALEXANDRIA,272.50,2024-03-25,no,
Acton,OH SOS itemized,HURON COUNTY DEMOCRATIC CENTRAL COMMITTEE,,ORG/PAC,OH,MONROEVILLE,250.00,12/03/2025,no,
Acton,OH SOS itemized,BELMONT COUNTY DEMOCRATIC PARTY,,ORG/PAC,OH,SHADYSIDE,250.00,09/30/2025,no,
Acton,OH SOS itemized,CITIZENS TO ELECT ERIC SYNENBERG,,ORG/PAC,OH,COLUMBUS,250.00,01/20/2026,no,
Acton,OH SOS itemized,CITIZENS FOR MANCUSO,,ORG/PAC,OH,EUCLID,250.00,01/20/2026,no,
Acton,OH SOS itemized,GEAUGA COUNTY DEMOCRATIC PARTY,,ORG/PAC,OH,NEWBURY,250.00,07/16/2025,no,
Acton,OH SOS itemized,MERCER COUNTY DEMOCRATIC EXECUTIVE COMMITTEE,,ORG/PAC,OH,CELINA,250.00,05/07/2025,no,
Acton,OH SOS itemized,BUTLER COUNTY PROGRESSIVE PAC,,ORG/PAC,OH,OXFORD,250.00,06/03/2025,no,
Vivek,FEC schedule_a (2024 presidential),TOWN OF NEWPORT - OPERA HOUSE,,ORG,NH,NEWPORT,250.00,2023-10-24,no,
Vivek,FEC schedule_a (2024 presidential),EIGER WAREHOUSE SERVICES LLC,,ORG,IL,WOODSTOCK,250.00,2023-08-04,no,
Vivek,FEC schedule_a (2024 presidential),AMERICAN EXPRESS,,ORG,NY,NEW YORK,224.44,2023-11-10,no,
Vivek,FEC schedule_a (2024 presidential),EXPENSIFY INC,,ORG,OR,PORTLAND,214.83,2023-04-06,no,
Acton,OH SOS itemized,GALLAGHER FOR COUNCIL,,ORG/PAC,OH,ROCKY RIVER,200.00,10/14/2025,no,
Acton,OH SOS itemized,ELECT CHRISTINA MORRIS,,ORG/PAC,OH,ROCKY RIVER,200.00,10/14/2025,no,
Vivek,FEC schedule_a (2024 presidential),RESOURCEFUL WOMAN LLC,,ORG,OH,DAYTON,200.00,2023-09-28,no,
